"Status","Name","Duration in ms","Description"
"failed","Dashboard Visual Regression.Blog Card","321",""
"failed","Dashboard Visual Regression.Top Menu - Create Button, Search, Profile Avatar, Notification","385",""
"failed","Dashboard Visual Regression.Side Bar Navigation","324",""
"failed","Dashboard Visual Regression.Import Display Groups as Tags Card","321",""
"failed","Dashboard Visual Regression.Dashboard Header","329",""
"failed","Dashboard Visual Regression.Back Up Your Data Card","328",""
"failed","Dashboard Visual Regression.Monthly Transer Card","315",""
"failed","Dashboard Visual Regression.Domains Card","318",""
"failed","Dashboard Visual Regression.NodeBalancers Card","325",""
"failed","Dashboard Visual Regression.Linodes Card","335",""
"failed","Dashboard Visual Regression.Volumes Card","370",""
